e-SUS - Atenção Primária;;;;;;;;;;;;;;
Acompanhamento do território;;;;;;;;;;;;;;
FILTROS;;;;;;;;;;;;;;
Microárea;DEMO;;;;;;;;;;;;;
Gerado em;18/09/2026;às;10:00;por;Maria Beatriz;;;;;;;;;
;;;;;;;;;;;;;;
TIPO DE LOGRADOURO;LOGRADOURO;NÚMERO;CEP;BAIRRO;COMPLEMENTO;PONTO DE REFERÊNCIA;NOME CIDADÃO;SEXO;DATA DE NASCIMENTO;CPF;CNS;É O RESPONSÁVEL FAMILIAR?;CPF/CNS RESPONSÁVEL FAMILIAR;NOME DO RESPONSÁVEL FAMILIAR
RUA;DAS FLORES;12;00000000;CENTRO;-;-;ANA SOUZA;FEMININO;14/02/1952;12345678901;700000000000001;SIM;12345678901;ANA SOUZA
RUA;DAS FLORES;12;00000000;CENTRO;-;-;JOÃO SOUZA;MASCULINO;03/06/2016;-;-;NÃO;12345678901;ANA SOUZA
AVENIDA;DO SOL;88;00000000;CENTRO;-;-;MARINA LIMA;FEMININO;30/01/2025;23456789012;700000000000002;SIM;23456789012;MARINA LIMA
